City_ID,City,Lat,Lng,Max Temp,Humidity,Cloudiness,Wind Speed,Country,Date
0,talnakh,69.4865,88.3972,33.21,98,100,7.25,RU,1633652066
1,new norfolk,-42.7826,147.0587,63.66,63,82,5.01,AU,1633652067
2,portland,45.5234,-122.6762,64.17,57,20,1.01,US,1633651794
3,albany,42.6001,-73.9662,63.21,89,16,2.84,US,1633651583
4,digby,44.6169,-65.7655,53.58,82,32,8.08,CA,1633652068
5,cape town,-33.9258,18.4232,58.1,64,18,12.57,ZA,1633652068
6,potoru,7.5072,-11.4786,73.99,97,78,3.38,SL,1633652069
7,souillac,-20.5167,57.5167,67.35,82,100,5.97,MU,1633652069
8,shimoda,34.6667,138.95,77.11,77,49,6.13,JP,1633652069
9,atuona,-9.8,-139.0333,78.22,75,12,14.97,PF,1633652070
10,qaanaaq,77.484,-69.3632,20.46,62,87,7.56,GL,1633651990
11,hobart,-42.8794,147.3294,64.02,57,40,5.01,AU,1633651810
12,port elizabeth,-33.918,25.5701,65.1,66,100,7.54,ZA,1633652071
13,puerto ayora,-0.7393,-90.3518,69.55,91,86,5.01,EC,1633652071
14,punta arenas,-53.15,-70.9167,44.71,61,0,16.11,CL,1633651924
15,mar del plata,-38.0023,-57.5575,52.88,68,0,1.01,AR,1633652072
16,tautira,-17.7333,-149.15,84.22,73,10,1.5,PF,1633652072
17,kapaa,22.0752,-159.319,82.72,68,40,5.01,US,1633652073
18,payakumbuh,-0.2202,100.6308,71.58,87,100,2.37,ID,1633652073
19,luganville,-15.5333,167.1667,81.19,78,67,12.46,VU,1633652074
20,rikitea,-23.1203,-134.9692,74.07,75,47,8.46,PF,1633651991
21,boshnyakovo,49.6333,142.1667,48.16,55,90,11.48,RU,1633652075
22,vaini,-21.2,-175.2,75.29,85,7,14.25,TO,1633652075
23,pangnirtung,66.1451,-65.7125,33.91,80,71,3.18,CA,1633652076
24,faanui,-16.4833,-151.75,78.85,73,18,7.47,PF,1633652076
25,saint-philippe,-21.3585,55.7679,65.79,78,67,7.49,RE,1633652077
26,thompson,55.7435,-97.8558,54.57,68,53,10.42,CA,1633651926
27,evensk,61.95,159.2333,27.36,46,58,2.68,RU,1633652077
28,severo-kurilsk,50.6789,156.125,47.64,69,35,16.62,RU,1633652078
29,nouadhibou,20.931,-17.0347,74.41,69,98,16.91,MR,1633652078
30,narsaq,60.9167,-46.05,44.82,53,58,7.38,GL,1633652079
31,kruisfontein,-34.0033,24.7314,62.89,60,100,8.75,ZA,1633652079
32,geraldton,-28.7667,114.6,59.41,82,75,6.91,AU,1633652080
33,hermanus,-34.4187,19.2345,56.89,72,0,7.4,ZA,1633651585
34,dunedin,-45.8742,170.5036,59.49,64,4,6.8,NZ,1633652080
35,duluth,46.7833,-92.1066,67.17,81,90,1.01,US,1633651866
36,bethel,41.3712,-73.414,64.71,89,1,4.61,US,1633652081
37,sarakhs,36.5449,61.1577,50.18,20,8,7.18,IR,1633652082
38,inuvik,68.3499,-133.7218,28.62,88,41,1.14,CA,1633652082
39,codrington,-38.2667,141.9667,56.17,65,100,14.54,AU,1633652082
40,lebu,-37.6167,-73.65,48.67,82,0,9.46,CL,1633652083
41,ruteng,-8.6136,120.4721,69.35,75,79,1.88,ID,1633652084
42,mataura,-46.1927,168.8643,59.49,52,99,4.25,NZ,1633651990
43,dikson,73.5069,80.5464,34.72,90,100,19.77,RU,1633652084
44,dakar,14.6937,-17.4441,81.48,73,17,9.4,SN,1633651960
45,busselton,-33.65,115.3333,54.09,71,81,7.27,AU,1633651584
46,san cristobal,7.7669,-72.225,73.58,93,100,2.15,VE,1633651943
47,barrow,71.2906,-156.7887,33.82,80,90,9.22,US,1633652085
48,butaritari,3.0707,172.7902,82.78,65,17,14.41,KI,1633652086
49,mae sai,20.4335,99.8762,72.45,87,24,1.39,TH,1633652086
50,nikolskoye,59.7035,30.7861,48.09,69,70,7.36,RU,1633651994
51,ushuaia,-54.8,-68.3,47.86,37,40,4.61,AR,1633652087
52,omsukchan,62.5333,155.8,15.31,85,76,1.05,RU,1633652087
53,san quintin,30.4833,-115.95,69.64,74,100,15.52,MX,1633652087
54,moose factory,51.2585,-80.6094,61.21,86,33,4.63,CA,1633652088
55,hauterive,46.0901,3.4459,50.76,96,7,2.37,FR,1633652088
56,bengkulu,-3.8004,102.2655,75.45,89,67,2.66,ID,1633652089
57,bluff,-46.6,168.3333,59.81,75,93,12.28,NZ,1633652089
58,tuatapere,-46.1333,167.6833,59.83,65,95,3.8,NZ,1633652090
59,victoria,22.2855,114.1577,78.94,96,100,14.0,HK,1633651816
60,touros,-5.1989,-35.4608,78.84,81,78,14.12,BR,1633652091
61,khandyga,62.6667,135.6,30.16,75,95,7.96,RU,1633651908
62,east london,-33.0153,27.9116,66.74,94,100,4.27,ZA,1633652091
63,provideniya,64.3833,-173.3,37.51,81,75,13.42,RU,1633652092
64,bandarbeyla,9.4942,50.8122,78.24,81,56,19.8,SO,1633652092
65,san andres,12.5847,-81.7006,84.22,84,75,16.11,CO,1633652093
66,brae,60.3964,-1.353,55.31,95,98,17.87,GB,1633652093
67,broome,42.2506,-75.833,66.6,71,1,3.44,US,1633652094
68,manggar,-2.8833,108.2667,82.24,76,12,7.83,ID,1633652094
69,north bend,43.4065,-124.2243,63.25,80,1,19.57,US,1633651949
70,kerikeri,-35.2268,173.9474,65.95,56,57,8.97,NZ,1633652095
71,sumbe,-11.2061,13.8437,73.0,81,36,6.98,AO,1633652095
72,port alfred,-33.5906,26.891,67.75,87,100,9.44,ZA,1633652096
73,chokurdakh,70.6333,147.9167,15.66,84,99,6.64,RU,1633652096
74,brownsburg,39.8434,-86.3978,70.95,86,1,0.0,US,1633652097
75,zyryanskoye,56.8306,86.6258,38.17,97,100,8.08,RU,1633652097
76,yellowknife,62.456,-114.3525,39.42,96,100,3.0,CA,1633651928
77,marzuq,14.4,46.4667,76.44,59,75,3.83,YE,1633652098
78,san patricio,28.017,-97.5169,83.84,53,0,10.58,US,1633652098
79,khatanga,71.9667,102.5,19.35,96,100,8.57,RU,1633652099
80,thanh hoa,19.8,105.7667,77.85,75,100,10.38,VN,1633651999
81,pokaran,26.9167,71.9167,84.27,46,68,8.88,IN,1633652100
82,taldan,53.6667,124.8,34.21,65,13,3.29,RU,1633652100
83,norman wells,65.282,-126.8329,33.8,85,31,2.46,CA,1633652101
84,bakel,14.905,-12.4568,90.93,37,99,3.62,SN,1633652101
85,santa vitoria do palmar,-33.5189,-53.3681,48.07,76,1,6.08,BR,1633652103
86,daltenganj,24.0333,84.0667,74.19,86,6,3.36,IN,1633652104
87,sinnamary,5.3833,-52.95,81.45,78,52,11.99,GF,1633652104
88,lazaro cardenas,17.9583,-102.2,83.46,81,42,6.58,MX,1633652105
89,neuruppin,52.9282,12.8031,58.33,96,8,5.37,DE,1633652105
90,taoudenni,22.6783,-3.9836,91.89,9,0,8.97,ML,1633652106
91,seymchan,62.8833,152.4333,22.1,62,44,3.98,RU,1633652106
92,idar,49.7167,7.3,49.28,94,0,4.45,DE,1633652107
93,lamu,-2.2717,40.902,73.62,78,4,14.92,KE,1633652100
94,fare,-16.7,-151.0167,78.48,72,7,4.09,PF,1633652108
95,hithadhoo,-0.6,73.0833,82.6,68,87,10.31,MV,1633652108
96,chuy,-33.6971,-53.4616,47.3,77,0,6.08,UY,1633652109
97,antofagasta,-23.65,-70.4,58.28,84,43,5.95,CL,1633651935
98,noumea,-22.2763,166.4572,80.01,96,47,16.8,NC,1633652061
99,salinopolis,-0.6136,-47.3561,80.33,80,37,11.5,BR,1633652110
100,sao miguel do araguaia,-13.275,-50.1628,91.17,24,46,4.25,BR,1633652110
101,tasiilaq,65.6145,-37.6368,32.16,54,7,8.19,GL,1633652110
102,okakarara,-20.5833,17.4333,63.36,19,15,5.08,NA,1633652111
103,ahipara,-35.1667,173.1667,62.49,71,7,10.63,NZ,1633652112
104,kumluca,36.3703,30.2869,69.12,50,0,4.59,TR,1633652112
105,bredasdorp,-34.5322,20.0403,56.52,94,0,2.3,ZA,1633652113
106,longyearbyen,78.2186,15.6401,21.04,79,0,10.36,SJ,1633652113
107,broken hill,-31.95,141.4333,67.62,21,5,9.08,AU,1633652114
108,caravelas,-17.7125,-39.2481,75.24,84,3,8.21,BR,1633652114
109,tuktoyaktuk,69.4541,-133.0374,35.6,69,20,6.91,CA,1633652115
110,flin flon,54.7682,-101.865,50.16,37,7,5.79,CA,1633652115
111,mosalsk,54.4881,34.9817,34.99,80,0,1.59,RU,1633652115
112,sorland,67.667,12.6934,43.65,65,96,18.1,NO,1633652116
113,upernavik,72.7868,-56.1549,24.53,48,21,4.03,GL,1633652116
114,iqaluit,63.7506,-68.5145,36.7,86,75,8.99,CA,1633652117
115,avarua,-21.2078,-159.775,78.85,65,40,12.66,CK,1633652118
116,lata,40.1629,-8.3327,61.81,64,12,3.22,PT,1633652118
117,petropavlovsk-kamchatskiy,53.0452,158.6483,45.19,53,75,4.47,RU,1633652119
118,gurh,24.5167,81.5167,77.36,70,76,3.22,IN,1633652119
119,labelle,26.7617,-81.4384,82.98,75,97,6.35,US,1633652120
120,chegdomyn,51.1167,133.0167,40.23,75,83,5.21,RU,1633652120
121,kaifeng,34.7911,114.3483,54.7,90,100,6.78,CN,1633652121
122,sambava,-14.2667,50.1667,71.85,78,86,7.2,MG,1633652123
123,sao joao da barra,-21.6403,-41.0511,71.47,90,98,17.18,BR,1633652124
124,anlu,31.1661,112.5831,58.57,80,93,10.38,CN,1633652124
125,sitka,57.0531,-135.33,48.09,76,90,9.22,US,1633651963
126,tabuk,17.4189,121.4443,77.65,87,100,0.47,PH,1633652125
127,meulaboh,4.1363,96.1285,74.75,86,100,3.13,ID,1633652125
128,jamestown,42.097,-79.2353,71.24,77,20,1.01,US,1633651722
129,vavoua,7.3819,-6.4778,71.64,98,72,2.89,CI,1633652126
130,sistranda,63.7256,8.834,50.9,90,100,6.04,NO,1633652126
131,kuhdasht,33.535,47.6061,60.21,28,0,2.89,IR,1633652127
132,tolaga bay,-38.3667,178.3,66.69,61,42,8.59,NZ,1633652127
133,koppal,15.35,76.15,73.53,90,93,7.34,IN,1633652128
134,shuangcheng,45.35,126.2833,46.08,54,47,2.86,CN,1633652128
135,half moon bay,37.4636,-122.4286,68.72,69,90,9.22,US,1633652129
136,missoula,47.0166,-113.8009,49.84,56,94,3.56,US,1633652129
137,hasaki,35.7333,140.8333,77.29,77,55,14.16,JP,1633652130
138,kahului,20.8947,-156.47,82.42,69,40,21.85,US,1633652130
139,belawan,3.7755,98.6832,77.29,90,100,4.74,ID,1633652131
140,nanortalik,60.1432,-45.2371,38.89,63,100,3.06,GL,1633652131
141,sioux lookout,50.1001,-91.917,68.07,68,75,6.91,CA,1633652131
142,isiro,2.7739,27.616,66.88,98,100,2.75,CD,1633652132
143,itaituba,-4.2761,-55.9836,74.61,90,96,1.59,BR,1633652132
144,schwandorf,49.3262,12.1093,51.93,81,84,5.44,DE,1633652133
145,bonavista,48.6499,-53.1147,51.12,63,94,7.92,CA,1633652133
146,saint-augustin,51.226,-58.6502,43.21,58,86,10.96,CA,1633652134
147,bethanien,-26.502,17.1583,55.56,30,1,1.88,NA,1633652134
148,moron,-34.6534,-58.6198,56.01,52,1,1.99,AR,1633652135
149,cherskiy,68.75,161.3,9.59,93,70,3.65,RU,1633652135
150,mahebourg,-20.4081,57.7,68.29,94,75,8.05,MU,1633652136
151,tazovskiy,67.4667,78.7,40.37,93,100,17.47,RU,1633652137
152,beringovskiy,63.05,179.3167,32.77,95,100,9.37,RU,1633652137
153,merauke,-8.4667,140.3333,79.84,84,99,7.67,ID,1633652138
154,ulladulla,-35.35,150.4667,63.77,53,70,7.81,AU,1633652138
155,dauriya,49.9333,116.8667,41.0,62,96,10.27,RU,1633652138
156,qandala,11.472,49.8728,83.7,79,12,4.41,SO,1633652139
157,sao filipe,14.8961,-24.4956,79.57,80,19,4.36,CV,1633651587
158,klaksvik,62.2266,-6.589,52.72,89,86,23.82,FO,1633652140
159,lorengau,-2.0226,147.2712,84.65,68,31,8.88,PG,1633651993
160,coihaique,-45.5752,-72.0662,51.75,58,0,3.44,CL,1633652140
161,hemnesberget,66.2333,13.6333,42.58,94,88,4.34,NO,1633652141
162,krasnokholm,51.5979,54.1567,38.75,57,9,4.12,RU,1633652141
163,parry sound,45.3501,-80.033,64.22,88,59,2.84,CA,1633652142
164,vostok,46.4856,135.8833,46.56,68,20,5.66,RU,1633652142
165,chukhloma,58.7525,42.6825,36.28,84,0,6.73,RU,1633652143
166,tiksi,71.6872,128.8694,27.57,89,100,14.14,RU,1633652143
167,vila franca do campo,37.7167,-25.4333,69.19,88,83,6.13,PT,1633652144
168,pevek,69.7008,170.3133,23.77,82,93,5.53,RU,1633652144
169,vila velha,-20.3297,-40.2925,75.15,78,40,12.66,BR,1633652068
170,saint anthony,45.0205,-93.218,68.32,84,90,5.75,US,1633652145
171,saldanha,-33.0117,17.9442,57.25,92,29,14.81,ZA,1633652146
172,wukari,7.85,9.7833,74.97,91,93,2.17,NG,1633652146
173,esperance,-33.8667,121.9,58.8,71,100,16.4,AU,1633651585
174,malamig,12.95,121.3667,82.22,70,97,0.83,PH,1633652147
175,nizwa,22.9333,57.5333,79.9,56,0,1.25,OM,1633652147
176,kloulklubed,7.0419,134.2556,75.7,78,100,24.16,PW,1633652148
177,muros,42.7762,-9.0603,64.83,76,65,4.79,ES,1633652148
178,nova odesa,47.3078,31.7851,42.66,38,6,12.93,UA,1633652149
179,margate,51.3813,1.3862,60.96,92,100,1.99,GB,1633652149
180,una,20.8167,71.0333,81.14,77,35,3.51,IN,1633652150
181,kieta,-6.2167,155.6333,86.38,64,76,6.2,PG,1633652151
182,rio grande,-32.035,-52.0986,52.95,70,2,8.5,BR,1633652151
183,saskylakh,71.9167,114.0833,-2.52,99,33,3.58,RU,1633652152
184,georgetown,5.4112,100.3354,80.89,90,20,0.0,MY,1633651907
185,bambous virieux,-20.3428,57.7575,68.25,94,75,8.05,MU,1633652153
186,dingle,10.9995,122.6711,78.19,86,100,0.89,PH,1633652153
187,port lincoln,-34.7333,135.8667,59.85,51,100,13.24,AU,1633652107
188,carnarvon,-24.8667,113.6333,66.27,59,0,24.16,AU,1633652154
189,hilo,19.7297,-155.09,82.13,75,1,10.36,US,1633652154
190,padang,-0.9492,100.3543,75.25,81,100,2.57,ID,1633652155
191,yuncheng,35.0231,110.9928,56.97,82,73,5.61,CN,1633652155
192,ostrovnoy,68.0531,39.5131,42.57,70,100,20.65,RU,1633652156
193,nipawin,53.3668,-104.0009,53.64,32,1,5.75,CA,1633652156
194,rovaniemi,66.5,25.7167,35.01,100,0,4.61,FI,1633652157
195,sawtell,-30.3833,153.1,72.19,62,40,8.99,AU,1633652158
196,kristianstad,56.0313,14.1524,44.85,100,90,0.0,SE,1633652158
197,ribeira grande,38.5167,-28.7,69.98,70,3,6.29,PT,1633652159
198,pilar,-9.5972,-35.9567,75.13,88,72,3.36,BR,1633652159
199,mtwara,-10.2667,40.1833,71.65,90,6,8.1,TZ,1633652159
200,sept-iles,50.2001,-66.3821,50.05,77,91,3.0,CA,1633651964
201,tabou,4.423,-7.3528,77.4,87,97,7.11,CI,1633652160
202,auki,-8.7676,160.7034,86.13,66,15,5.21,SB,1633652118
203,manzanillo,20.3433,-77.1167,80.56,76,95,7.36,CU,1633652161
204,abha,18.2164,42.5053,64.65,55,0,0.0,SA,1633651923
205,pisco,-13.7,-76.2167,62.65,82,0,23.02,PE,1633652161
206,alamogordo,32.8995,-105.9603,81.41,29,1,5.01,US,1633652162
207,olafsvik,64.8945,-23.7142,44.58,88,100,32.48,IS,1633652162
208,olinda,-8.0089,-34.8553,78.24,74,95,13.02,BR,1633651872
209,ponta do sol,32.6667,-17.1,71.13,78,21,1.54,PT,1633652164
210,dondo,-19.6094,34.7431,71.11,83,19,3.91,MZ,1633652164
211,orange cove,36.6244,-119.3137,81.77,33,1,3.44,US,1633652165
212,richards bay,-28.783,32.0377,67.14,83,100,17.45,ZA,1633652165
213,la palma,33.8464,-118.0467,73.81,76,90,3.0,US,1633652166
214,rio gallegos,-51.6226,-69.2181,46.45,57,0,6.91,AR,1633652166
215,cabo san lucas,22.8909,-109.9124,93.51,45,1,6.91,MX,1633652161
216,devils lake,48.1128,-98.8651,68.95,68,1,1.99,US,1633652167
217,leticia,-4.2153,-69.9406,78.85,94,75,2.3,CO,1633652168
218,clyde river,70.4692,-68.5914,29.84,86,100,3.06,CA,1633652168
219,takoradi,4.8845,-1.7554,77.02,89,70,4.9,GH,1633652169
220,swift current,50.2834,-107.8014,54.41,43,90,6.91,CA,1633652169
221,arraial do cabo,-22.9661,-42.0278,69.44,82,99,21.79,BR,1633652170
222,abashiri,44.0213,144.2697,58.95,77,20,6.91,JP,1633652170
223,lisakovsk,52.5369,62.4936,38.19,79,54,5.79,KZ,1633652171
224,lavrentiya,65.5833,-171.0,35.2,95,100,6.04,RU,1633652171
225,vvedenskoye,55.4753,65.0847,36.5,83,14,6.6,RU,1633652172
226,mporokoso,-9.3727,30.125,69.21,36,38,11.03,ZM,1633652172
227,airai,-8.9266,125.4092,74.8,31,28,3.51,TL,1633652173
228,abu samrah,35.3029,37.1841,65.19,26,0,4.68,SY,1633652174
229,bull savanna,17.8868,-77.5902,78.53,82,40,6.49,JM,1633652174
230,wanaka,-44.7,169.15,60.12,49,96,8.99,NZ,1633651936
231,ilulissat,69.2167,-51.1,24.82,58,6,3.44,GL,1633652175
232,alihe,50.5667,123.7167,40.82,59,5,2.04,CN,1633652175
233,plouzane,48.3833,-4.6167,57.52,94,20,3.44,FR,1633652055
234,zharkent,44.1628,80.0,32.09,46,0,7.11,KZ,1633652176
235,baykit,61.67,96.37,34.79,99,100,3.36,RU,1633652176
236,westport,41.1415,-73.3579,68.2,90,1,4.0,US,1633652177
237,santiago del estero,-27.7951,-64.2615,71.8,39,75,9.69,AR,1633652177
238,rawson,-43.3002,-65.1023,48.11,75,2,8.81,AR,1633652178
239,maniitsoq,65.4167,-52.9,34.93,63,3,4.72,GL,1633652178
240,banda aceh,5.5577,95.3222,79.39,77,98,13.71,ID,1633652178
241,sisimiut,66.9395,-53.6735,30.6,63,13,6.82,GL,1633652179
242,sri aman,1.2376,111.4621,77.05,94,20,0.0,MY,1633652179
243,togur,58.3631,82.8265,38.97,98,100,6.85,RU,1633652180
244,asilah,35.465,-6.0348,69.76,82,4,8.59,MA,1633652180
245,katsuura,35.1333,140.3,75.18,78,47,11.95,JP,1633652181
246,kaitangata,-46.2817,169.8464,59.36,62,20,8.79,NZ,1633652182
247,grants,35.1473,-107.8514,70.03,19,1,5.75,US,1633652182
248,haines junction,60.7522,-137.5108,42.75,61,96,2.3,CA,1633652183
249,chicama,-7.8447,-79.1469,59.54,83,98,8.68,PE,1633652183
250,nicoya,10.1483,-85.452,78.35,93,100,0.72,CR,1633652184
251,tambura,5.6,27.4667,68.58,98,92,1.34,SS,1633652184
252,scarborough,54.2797,-0.4044,63.09,88,86,1.01,GB,1633652121
253,slavsk,55.0425,21.677,40.14,64,7,6.08,RU,1633652185
254,douala,4.0483,9.7043,75.94,92,99,3.0,CM,1633652185
255,emba,48.8264,58.1442,36.46,45,0,5.86,KZ,1633652186
256,lappeenranta,61.0587,28.1887,50.81,87,90,6.91,FI,1633652077
257,aksarka,66.5606,67.7975,45.32,85,100,18.45,RU,1633652186
258,palu,-0.8917,119.8707,81.27,84,94,1.39,ID,1633652187
259,cabra,37.4725,-4.4421,67.89,56,3,3.13,ES,1633652187
260,limoges,45.75,1.3333,50.56,81,0,6.91,FR,1633652188
261,cukai,4.25,103.4167,77.14,88,95,3.15,MY,1633652188
262,chifeng,42.2683,118.9636,50.52,51,1,2.59,CN,1633652189
263,lensk,60.7253,114.9278,33.66,96,100,8.28,RU,1633652189
264,pemangkat,1.1667,108.9667,79.81,84,95,11.77,ID,1633652190
265,san diego,32.7153,-117.1573,72.61,78,90,5.75,US,1633652077
266,hamilton,39.1834,-84.5333,72.45,88,90,3.44,US,1633652190
267,suffolk,40.8668,-72.7996,66.9,89,1,0.0,US,1633652191
268,belaya gora,68.5333,146.4167,22.12,61,89,7.34,RU,1633652191
269,mehamn,71.0357,27.8492,39.94,69,95,30.96,NO,1633652192
270,dasoguz,41.8363,59.9666,44.55,36,0,11.5,TM,1633652192
271,bereda,43.2686,-7.5406,56.57,100,73,0.38,ES,1633652193
272,kodiak,57.79,-152.4072,51.31,66,1,4.61,US,1633652193
273,lashio,22.9333,97.75,66.51,99,22,1.28,MM,1633652194
274,zyryanka,65.75,150.85,25.21,62,47,10.2,RU,1633651938
275,arys,42.4252,68.795,50.22,49,85,9.75,KZ,1633652194
276,makakilo city,21.3469,-158.0858,86.32,48,40,14.97,US,1633652195
277,gravdal,68.1214,13.5031,40.71,65,93,14.47,NO,1633652195
278,deputatskiy,69.3,139.9,20.5,72,100,6.6,RU,1633652196
279,abnub,27.2696,31.1511,71.19,41,0,7.25,EG,1633652196
280,cayenne,4.9333,-52.3333,83.08,79,0,5.01,GF,1633652197
281,comodoro rivadavia,-45.8667,-67.5,48.06,76,0,10.36,AR,1633651988
282,havelock,34.8791,-76.9013,74.01,95,75,1.01,US,1633652197
283,tarko-sale,64.9225,77.785,42.3,89,100,15.59,RU,1633652198
284,ludvika,60.1496,15.1878,53.4,90,94,8.37,SE,1633652198
285,natal,-5.795,-35.2094,78.71,79,62,12.28,BR,1633652037
286,harrison,30.4091,-89.0436,77.07,85,1,0.0,US,1633652199
287,aksu,41.1231,80.2644,48.85,35,3,7.45,CN,1633652199
288,alenquer,-1.9417,-54.7383,84.54,53,46,2.66,BR,1633652200
289,kutum,14.2,24.6667,75.11,23,10,7.29,SD,1633652200
290,suntar,62.1444,117.6319,31.98,88,99,5.39,RU,1633651933
291,yulara,-25.2406,130.9889,76.84,36,0,13.8,AU,1633652201
292,komsomolskiy,40.4272,71.7189,51.22,81,92,2.3,UZ,1633652202
293,itarema,-2.9248,-39.9167,79.18,84,100,13.58,BR,1633652203
294,leningradskiy,69.3833,178.4167,25.84,94,100,0.94,RU,1633652203
295,bonthe,7.5264,-12.505,77.52,88,28,4.79,SL,1633652203
296,dudinka,69.4058,86.1778,33.67,99,89,10.6,RU,1633652204
297,zatoka,46.0725,30.4654,46.94,60,99,22.5,UA,1633652204
298,bambui,-20.0064,-45.9769,75.49,70,93,4.45,BR,1633652205
299,sisophon,13.5859,102.9737,75.02,90,100,3.8,KH,1633652205
300,quisqueya,18.5554,-69.4081,83.14,93,31,7.63,DO,1633652206
301,koson,39.0375,65.585,48.52,30,76,6.49,UZ,1633652206
302,saint-francois,46.4154,3.9054,46.67,95,0,2.3,FR,1633652206
303,tres arroyos,-38.3739,-60.2798,45.88,70,5,5.35,AR,1633652207
304,srednekolymsk,67.45,153.6833,21.0,72,48,3.2,RU,1633652207
305,basoko,1.2391,23.616,73.29,83,33,0.38,CD,1633652208
306,alofi,-19.0595,-169.9187,84.09,65,75,9.22,NU,1633652208
307,asau,46.4333,26.4,41.76,67,100,4.21,RO,1633652209
308,sao felix do xingu,-6.6447,-51.995,80.4,55,76,1.61,BR,1633652209
309,bardiyah,31.7561,25.0865,70.39,67,0,8.46,LY,1633652210
310,nishihara,26.1842,127.7558,83.48,74,75,11.5,JP,1633652210
311,castro,-24.7911,-50.0119,55.6,98,99,8.59,BR,1633652211
312,constitucion,-35.3333,-72.4167,50.32,86,0,4.72,CL,1633652211
313,aktas,49.7789,72.9608,35.35,81,97,5.14,KZ,1633652212
314,nioro,13.35,-15.75,75.11,94,82,8.19,GM,1633652212
315,islamkot,24.6997,70.177,83.84,64,67,7.31,PK,1633652213
316,shitanjing,39.2342,106.3439,50.11,75,98,8.57,CN,1633652213
317,shingu,33.7333,135.9833,79.79,70,96,1.59,JP,1633652214
318,luderitz,-26.6481,15.1594,55.87,79,2,5.68,NA,1633652214
319,genhe,50.7833,121.5167,37.13,60,15,2.53,CN,1633652215
320,klyuchi,52.2667,79.1667,36.77,91,99,10.2,RU,1633652215
321,lompoc,34.6391,-120.4579,66.78,77,90,8.05,US,1633651984
322,akdepe,42.0551,59.3788,44.69,28,99,9.64,TM,1633652216
323,kamenka,51.3223,42.7678,37.2,60,1,6.67,RU,1633652216
324,vesyegonsk,58.664,37.2604,37.49,78,0,6.13,RU,1633652217
325,kavieng,-2.5744,150.7967,83.53,69,54,4.54,PG,1633652217
326,perene,-10.9492,-75.2261,74.97,76,91,0.49,PE,1633652218
327,puri,19.8,85.85,84.38,78,65,9.31,IN,1633652218
328,ternate,0.8,127.4,82.8,76,97,5.77,ID,1633652219
329,naze,28.3667,129.4833,81.52,68,43,16.51,JP,1633652219
330,rocha,-34.4833,-54.3333,41.45,86,1,3.42,UY,1633652126
331,griffith,41.5284,-87.4237,70.0,93,1,0.0,US,1633652220
332,kautokeino,69.0125,23.0412,30.61,77,20,7.29,NO,1633652221
333,nargana,9.4428,-78.5906,81.81,83,68,5.01,PA,1633652221
334,sai buri,6.7013,101.6168,80.31,81,100,10.42,TH,1633652222
335,palembang,-2.9167,104.7458,77.09,94,40,2.3,ID,1633651951
336,saint george,37.1041,-113.5841,81.63,35,1,1.99,US,1633652198
337,felanitx,39.4696,3.1483,63.14,62,39,6.76,ES,1633652223
338,boyolangu,-8.1181,111.8935,76.93,75,29,3.6,ID,1633652224
339,sechura,-5.5569,-80.8222,66.87,77,12,16.69,PE,1633652224
340,sabang,5.8933,95.3214,82.17,76,100,21.07,ID,1633652225
341,khani,41.9563,42.9566,49.57,73,8,5.88,GE,1633652225
342,bubaque,11.2833,-15.8333,84.47,76,81,4.07,GW,1633652226
343,nemuro,43.3236,145.575,52.23,89,100,9.44,JP,1633652226
344,sidi ali,36.0998,0.4206,64.56,71,1,6.08,DZ,1633652227
345,evansville,37.9748,-87.5558,70.18,91,75,0.0,US,1633652210
346,llallagua,-18.4167,-66.6333,48.15,68,83,4.32,BO,1633652227
347,qinhuangdao,39.9317,119.5883,57.92,62,0,4.16,CN,1633652228
348,sao geraldo do araguaia,-6.4006,-48.555,85.06,39,10,4.05,BR,1633652228
349,faya,18.3851,42.4509,66.31,60,9,5.37,SA,1633652229
350,silvan,38.1419,41.0081,44.89,28,0,2.66,TR,1633652229
351,ossora,59.2353,163.0719,36.72,49,31,3.83,RU,1633652230
352,dandong,40.1292,124.3947,56.7,77,83,5.23,CN,1633651941
353,udachnyy,66.4167,112.4,20.98,89,72,4.54,RU,1633652231
354,carbondale,37.7273,-89.2168,72.03,83,75,0.0,US,1633652231
355,fonte boa,-2.4959,-66.2662,76.48,92,97,1.54,BR,1633652231
356,karatau,43.1667,70.4667,32.18,55,39,4.12,KZ,1633652232
357,aykhal,66.0,111.5,16.27,99,97,5.77,RU,1633652232
358,zhigansk,66.7697,123.3711,18.7,89,56,12.5,RU,1633652233
359,kalmunai,7.4167,81.8167,78.46,82,100,9.44,LK,1633652233
360,toora-khem,52.4675,96.11,27.37,90,100,1.77,RU,1633652234
361,fernley,39.608,-119.2518,72.57,43,99,9.89,US,1633652135
362,wewak,-3.5534,143.6268,83.82,71,66,9.4,PG,1633652234
363,dzilam gonzalez,21.2833,-88.9333,78.1,87,100,6.22,MX,1633652235
364,tondano,1.3038,124.9112,78.89,65,94,2.95,ID,1633652044
365,te anau,-45.4167,167.7167,56.21,67,95,5.28,NZ,1633652236
366,vestmannaeyjar,63.4427,-20.2734,50.67,97,100,24.25,IS,1633652236
367,taloqan,36.7361,69.5345,51.31,42,1,1.45,AF,1633652237
368,svobodnyy,51.4,128.1333,39.63,69,13,4.92,RU,1633652237
369,nome,64.5011,-165.4064,39.27,87,75,9.22,US,1633652237
370,bathsheba,13.2167,-59.5167,83.01,83,75,23.02,BB,1633652238
371,ust-kuyga,70.0167,135.6,25.75,72,100,10.29,RU,1633652238
372,rockford,42.2711,-89.094,70.14,78,75,4.61,US,1633652190
373,paamiut,61.994,-49.6678,36.16,67,0,9.37,GL,1633652239
374,portree,57.4129,-6.1942,59.86,97,98,8.84,GB,1633652240
375,camacha,33.0833,-16.3333,67.42,73,40,5.75,PT,1633652240
376,vao,-22.6667,167.4833,69.17,63,63,12.55,NC,1633652241
377,dhidhdhoo,6.8833,73.1,82.13,80,71,18.16,MV,1633652241
378,bulungu,-4.55,18.6,71.85,89,35,0.83,CD,1633652241
379,seoul,37.5683,126.9778,67.44,81,100,1.57,KR,1633652032
380,aklavik,68.2191,-135.0107,34.63,84,76,3.31,CA,1633652242
381,warin chamrap,15.1932,104.8628,78.62,94,97,6.91,TH,1633652243
382,roald,62.5833,6.1333,56.08,94,90,11.5,NO,1633652243
383,becerril,9.7041,-73.2793,78.85,82,93,4.38,CO,1633652244
384,rock sound,24.9,-76.2,82.76,69,14,15.68,BS,1633652244
385,ndola,-12.9587,28.6366,64.22,44,56,6.33,ZM,1633652245
386,caucaia,-3.7361,-38.6531,81.03,78,75,11.5,BR,1633652245
387,novopokrovka,49.8425,36.5477,37.78,50,49,8.48,UA,1633652246
388,salta,-24.7859,-65.4117,62.89,69,40,4.61,AR,1633652246
389,muroto,33.2833,134.15,80.64,69,96,7.16,JP,1633652247
390,veracruz,19.3333,-96.6667,77.86,85,93,0.81,MX,1633652247
391,olot,42.181,2.4901,60.1,84,16,1.99,ES,1633652247
392,sao joaquim da barra,-20.5814,-47.8547,69.12,68,93,9.1,BR,1633652047
393,fort nelson,58.8053,-122.7002,47.79,43,75,6.91,CA,1633652248
394,parkes,-33.1333,148.1833,64.15,37,42,1.32,AU,1633652249
395,cidreira,-30.1811,-50.2056,59.43,67,7,8.61,BR,1633652249
396,pangkalanbuun,-2.6833,111.6167,79.29,86,28,2.21,ID,1633652250
397,tigil,57.8,158.6667,37.04,66,98,13.87,RU,1633652251
398,jiblah,13.9216,44.1467,66.63,66,100,0.13,YE,1633652251
399,soyo,-6.1349,12.3689,75.83,84,71,8.86,AO,1633652251
400,kushima,31.4583,131.2333,80.64,68,75,8.52,JP,1633652252
401,warmbad,-28.45,18.7333,55.53,41,0,5.68,NA,1633652252
402,mount gambier,-37.8333,140.7667,56.66,60,100,11.1,AU,1633652253
403,piet retief,-27.0071,30.8132,56.97,84,100,12.33,ZA,1633652253
404,tinskoy,56.1525,96.9161,34.5,96,100,12.03,RU,1633652254
405,baihar,22.1,80.55,70.43,90,18,1.3,IN,1633652254
406,realeza,-25.7689,-53.5325,67.06,95,62,3.18,BR,1633652255
407,severnoye,56.3491,78.3619,39.72,93,100,5.99,RU,1633652255
408,ishigaki,24.3448,124.1572,86.13,74,75,13.8,JP,1633652256
409,rincon,32.296,-81.2354,79.86,90,75,6.91,US,1633652178
410,shieli,44.1667,66.75,42.28,39,25,21.43,KZ,1633652256
411,palora,-1.7,-77.9333,66.96,94,93,0.89,EC,1633652257
412,oranjemund,-28.55,16.4333,54.61,93,32,3.29,NA,1633652257
413,vila,42.0304,-8.1588,57.33,89,19,3.2,PT,1633652258
414,susangerd,31.5608,48.1831,78.82,17,0,12.08,IR,1633652258
415,semirom,31.4167,51.5667,51.57,42,0,3.13,IR,1633652259
416,hirara,24.8,125.2833,85.86,74,20,13.8,JP,1633652259
417,fortuna,40.5982,-124.1573,64.18,60,91,3.0,US,1633652260
418,taiyuan,37.8694,112.5603,51.66,82,0,2.24,CN,1633652260
419,isangel,-19.55,169.2667,80.71,57,20,13.8,VU,1633652260
420,acarau,-2.8856,-40.12,79.21,85,100,13.49,BR,1633652261
421,mount pleasant,32.7941,-79.8626,76.3,92,1,3.0,US,1633652164
422,mandalgovi,45.7625,106.2708,43.38,63,84,1.83,MN,1633652262
423,bira,49.0,132.4667,45.37,70,56,4.5,RU,1633652262
424,bashtanka,47.4072,32.4387,42.17,39,6,13.35,UA,1633652263
425,salalah,17.0151,54.0924,78.89,94,40,3.44,OM,1633652240
426,macusani,-14.0833,-70.4333,40.41,83,88,2.59,PE,1633652263
427,berdigestyakh,62.0989,126.6992,32.02,91,100,8.14,RU,1633652264
428,muli,2.9167,73.5667,82.13,78,35,13.27,MV,1633652264
429,dwarka,22.2394,68.9678,82.06,79,35,7.9,IN,1633652265
430,amalapuram,16.5833,82.0167,75.72,96,7,2.01,IN,1633652265
431,zdounky,49.2277,17.319,50.63,84,96,5.77,CZ,1633652266
432,russell,32.3502,-85.1999,76.28,93,90,0.0,US,1633652266
433,turayf,31.6725,38.6637,68.25,40,0,11.5,SA,1633652266
434,rio claro,-22.4114,-47.5614,58.8,80,100,11.88,BR,1633652010
435,magistralnyy,56.1725,107.4458,32.09,89,100,5.59,RU,1633652267
436,longonjo,-12.9067,15.2533,67.53,71,51,2.77,AO,1633652268
437,hermosillo,29.0667,-110.9667,96.39,16,75,5.01,MX,1633652268
438,morgan city,29.6994,-91.2068,80.04,88,40,3.44,US,1633652268
439,awassa,7.05,38.4667,60.37,94,99,1.68,ET,1633652269
440,ostersund,63.1792,14.6357,43.61,87,94,10.36,SE,1633652269
441,kourou,5.1552,-52.6478,83.1,77,66,9.89,GF,1633652270
442,sola,-13.8833,167.55,80.73,78,28,19.6,VU,1633652270
443,teya,60.3778,92.6267,36.28,98,100,5.08,RU,1633652271
444,naryan-mar,67.6713,53.087,46.9,87,100,27.0,RU,1633652271
445,kasangulu,-4.5911,15.1708,74.73,88,100,6.33,CD,1633652272
446,kabo,7.6994,18.629,71.98,95,85,1.01,CF,1633652272
447,beaufort,5.3473,115.7455,84.36,93,99,1.77,MY,1633652273
448,torbay,47.6666,-52.7314,50.27,82,75,5.75,CA,1633652145
449,ouahigouya,13.5828,-2.4216,87.57,32,20,5.79,BF,1633652274
450,quelimane,-17.8786,36.8883,73.35,78,20,2.3,MZ,1633652274
451,nalut,30.3333,10.85,69.51,59,0,13.2,LY,1633652274
452,goundam,16.4145,-3.6708,92.61,15,15,6.33,ML,1633652275
453,creel,27.75,-107.6333,67.37,39,10,9.35,MX,1633652276
454,migori,-1.0634,34.4731,66.07,79,95,3.83,KE,1633652276
455,ukiah,39.1502,-123.2078,70.52,42,1,4.61,US,1633652012
456,houston,29.7633,-95.3633,85.1,50,1,1.99,US,1633652103
457,morristown,36.214,-83.2949,71.08,77,90,0.0,US,1633652277
458,lasa,46.6166,10.7002,47.28,88,80,5.17,IT,1633652277
459,zabid,14.1951,43.3152,87.58,67,94,6.69,YE,1633652278
460,novokayakent,42.3937,47.9861,50.11,74,100,5.99,RU,1633652278
461,nelson bay,-32.7167,152.15,67.75,63,100,7.31,AU,1633652279
462,torrelavega,43.3494,-4.0479,60.8,94,28,4.0,ES,1633652279
463,hattiesburg,31.3271,-89.2903,74.44,89,1,0.0,US,1633652280
464,camara de lobos,32.6333,-16.9667,71.13,88,20,5.99,PT,1633652280
465,tura,25.5198,90.2201,75.78,82,89,1.81,IN,1633652281
466,brokopondo,4.75,-55.1667,79.12,85,76,7.2,SR,1633652281
467,port hardy,50.6996,-127.4199,50.0,87,90,13.8,CA,1633652282
468,bulawayo,-20.15,28.5833,63.32,68,40,7.49,ZW,1633652282
469,lieksa,63.3167,30.0167,48.02,88,85,14.38,FI,1633652283
470,mbarara,-0.608,30.65,63.64,74,21,4.05,UG,1633652283
471,coquimbo,-29.9533,-71.3436,56.93,71,90,8.05,CL,1633652009
472,gannan,47.9147,123.5031,49.14,52,44,2.62,CN,1633652284
473,puro,12.4841,123.3827,81.05,82,100,6.91,PH,1633652284
474,narrabri,-30.3167,149.7833,74.41,44,6,6.87,AU,1633652285
475,staryy nadym,65.6118,72.6842,44.15,87,100,15.75,RU,1633652285
476,frontera,26.9333,-101.45,89.35,33,1,12.66,MX,1633652286
477,waingapu,-9.6567,120.2641,81.23,66,65,1.99,ID,1633652101
478,ugoofaaru,5.6667,73.0,81.88,79,64,16.67,MV,1633652286
479,college,64.8569,-147.8028,39.15,94,90,4.61,US,1633652287
480,kariba,-16.5167,28.8,73.0,48,70,5.44,ZW,1633652287
481,tekkali,18.6167,84.2333,77.52,90,18,4.52,IN,1633652288
482,vardo,70.3705,31.1107,39.61,77,75,33.15,NO,1633652289
483,tiruchchendur,8.4833,78.1167,80.96,78,80,19.64,IN,1633652290
484,neryungri,56.6709,124.6491,30.88,76,100,2.95,RU,1633652290
485,batsfjord,70.6345,29.7185,38.03,88,78,30.78,NO,1633652291
486,tessalit,20.1986,1.0114,84.74,14,2,10.87,ML,1633652291
487,birmitrapur,22.4,84.7667,79.2,74,100,2.51,IN,1633652292
488,carmarthen,51.8555,-4.3054,61.5,94,20,11.5,GB,1633652292
489,sabha,27.0377,14.4283,76.3,21,0,7.85,LY,1633652293
490,kristiinankaupunki,62.2743,21.376,47.98,93,86,7.25,FI,1633652293
491,henties bay,-22.116,14.2845,53.85,83,0,7.43,NA,1633652294
492,meadow lake,34.8014,-106.5436,77.32,34,67,5.97,US,1633652294
493,ancud,-41.8697,-73.8203,49.53,87,0,4.47,CL,1633652294
494,namibe,-15.1961,12.1522,64.31,72,4,6.46,AO,1633652295
495,manzhouli,49.6,117.4333,42.94,50,98,7.27,CN,1633652296
496,mbini,1.574,9.6134,76.32,88,100,1.7,GQ,1633652296
497,mareeba,-17.0,145.4333,83.48,35,22,8.68,AU,1633652297
498,cravo norte,6.3017,-70.2041,78.48,83,93,3.31,CO,1633652297
499,champerico,14.3,-91.9167,83.35,76,51,4.72,GT,1633652298
500,ngama,11.7833,17.1667,81.99,33,21,2.68,TD,1633652298
501,uige,-7.6087,15.0613,68.7,97,65,1.59,AO,1633652299
502,wanlaweyn,2.6185,44.8938,75.31,81,92,10.45,SO,1633652242
503,grindavik,63.8424,-22.4338,48.67,100,90,19.57,IS,1633652299
504,buala,-8.145,159.5921,85.1,70,12,8.28,SB,1633652300
505,labuhan,-6.8844,112.2051,80.15,65,5,9.06,ID,1633652300
506,lewisporte,49.2499,-55.0482,50.13,73,95,5.3,CA,1633652301
507,zonguldak,41.25,31.8333,46.56,92,6,2.71,TR,1633652302
508,pathein,16.7833,94.7333,77.5,93,87,2.19,MM,1633652302
509,alamosa,37.4695,-105.87,64.38,34,1,11.5,US,1633652303
510,chester,40.1254,-75.8749,67.15,93,20,0.0,US,1633652158
511,niteroi,-22.8833,-43.1036,69.58,86,90,16.11,BR,1633652304
512,barra do garcas,-15.89,-52.2567,84.78,54,0,5.75,BR,1633652304
513,vizinga,61.0749,50.1031,39.81,86,6,9.84,RU,1633652305
514,alvarado,18.7667,-95.7667,83.28,66,100,15.1,MX,1633652306
515,andros town,24.7,-77.7667,82.36,65,49,13.42,BS,1633652306
516,sestri levante,44.2732,9.3968,66.11,58,99,5.01,IT,1633652307
517,pedernales,18.0384,-71.744,82.49,71,0,3.53,DO,1633652307
518,axim,4.8699,-2.2405,76.71,89,83,4.14,GH,1633652308
519,ewa beach,21.3156,-158.0072,87.75,48,40,14.97,US,1633652118
520,southborough,42.3056,-71.5245,62.53,88,1,3.58,US,1633652309
521,samarai,-10.6167,150.6667,81.93,78,97,10.54,PG,1633652310
522,minas,-34.3759,-55.2377,45.52,88,8,8.25,UY,1633652126
523,palmer,42.1584,-72.3287,62.02,79,0,2.48,US,1633652311
524,svetlogorsk,52.6333,29.7333,36.9,64,57,5.79,BY,1633652311
525,sindou,10.6667,-5.1667,78.93,70,99,3.06,BF,1633652311
526,ciudad bolivar,8.1222,-63.5497,83.62,68,96,8.59,VE,1633652312
527,japura,-0.3167,102.35,75.97,94,97,1.32,ID,1633652312
528,doha,25.2867,51.5333,84.18,79,0,3.44,QA,1633652313
529,port blair,11.6667,92.75,78.19,91,100,13.33,IN,1633652313
530,poum,-20.2333,164.0167,73.85,65,21,5.44,NC,1633652314
531,morondava,-20.2833,44.2833,73.85,55,0,15.68,MG,1633652315
532,santa cruz,-17.8,-63.1667,74.66,60,40,5.75,BO,1633652315
533,san carlos de bariloche,-41.1456,-71.3082,47.95,31,0,4.61,AR,1633652316
534,jalu,29.0331,21.5482,72.63,32,0,6.29,LY,1633652316
535,ranir bazar,23.8333,91.3667,76.91,100,75,0.0,IN,1633652317
536,hoquiam,46.9809,-123.8893,59.86,63,1,11.5,US,1633652317
537,bilibino,68.0546,166.4372,10.54,90,49,2.39,RU,1633652318
538,matai,-8.3,31.5167,61.63,57,33,7.18,TZ,1633652318
539,never,46.9896,3.159,49.75,92,26,6.06,FR,1633652319
540,saint-pierre,-21.3393,55.4781,65.88,72,40,10.36,RE,1633652319
541,guarapari,-20.6667,-40.4975,75.09,93,82,14.03,BR,1633652320
542,tiznit,29.5833,-9.5,66.56,55,6,1.81,MA,1633652320
543,amga,60.8953,131.9608,31.53,91,100,7.61,RU,1633652321
544,sakaiminato,35.55,133.2333,75.18,73,20,3.44,JP,1633652321
545,hovd,48.0056,91.6419,30.38,38,92,5.3,MN,1633652322
546,swansea,51.6208,-3.9432,61.45,90,69,5.86,GB,1633652322
547,mosquera,4.7059,-74.2302,59.09,58,40,4.61,CO,1633652259
548,warrnambool,-38.3833,142.4833,56.8,65,100,14.29,AU,1633652323
549,bilma,18.6853,12.9164,80.24,20,0,4.9,NE,1633652323
550,scottsbluff,41.8666,-103.6672,79.03,32,1,1.01,US,1633652324
551,alugan,12.2188,125.4808,76.77,92,100,10.92,PH,1633652324
552,ramotswa,-24.8716,25.8699,65.55,82,85,11.61,BW,1633652325
553,aswan,24.0934,32.907,76.55,29,0,9.98,EG,1633652325
554,bauchi,10.5,10.0,74.7,79,49,4.88,NG,1633652326
555,sale,34.0389,-6.8166,68.63,100,75,4.61,MA,1633652326
556,sedalia,38.7045,-93.2283,71.92,77,75,3.44,US,1633652167
